{
  "org": {
    "id": 2,
    "label": "test3-2 org",
    "desc": "test3-2 org desc",
    "url": "test3-2.org.home.orl",
    "created": "2015-11-12T02:08:43.000Z",
    "modified": "2015-11-25T07:49:36.000Z"
  },
  "groups": [
    {
      "id": 1,
      "org_id": 2,
      "parent_id": null,
      "label": "그룹1-1",
      "desc": "그룹설명",
      "thumb_img_name": "썸네일 name",
      "thumb_img_path": "썸네일 path",
      "url": "그룹 홈페이지 url",
      "created": "2015-11-12T04:39:33.000Z",
      "modified": "2015-11-27T04:38:32.000Z"
    },
    {
      "id": 2,
      "org_id": 2,
      "parent_id": 1,
      "label": "11",
      "desc": "11",
      "thumb_img_name": "111",
      "thumb_img_path": "1111",
      "url": "1111",
      "created": "2015-11-12T04:39:53.000Z",
      "modified": "2015-11-12T04:39:53.000Z"
    },
    {
      "id": 7,
      "org_id": 2,
      "parent_id": 1,
      "label": "그룹1",
      "desc": "그룹설명",
      "thumb_img_name": "썸네일 name",
      "thumb_img_path": "썸네일 path",
      "url": "그룹 홈페이지 url",
      "created": "2015-11-13T07:51:26.000Z",
      "modified": "2015-11-13T07:51:26.000Z"
    },
    {
      "id": 4,
      "org_id": 2,
      "parent_id": 1,
      "label": "11",
      "desc": "11",
      "thumb_img_name": "111",
      "thumb_img_path": "1111",
      "url": "1111",
      "created": "2015-11-12T04:49:50.000Z",
      "modified": "2015-11-12T04:49:50.000Z"
    },
    {
      "id": 5,
      "org_id": 2,
      "parent_id": 1,
      "label": "11",
      "desc": "11",
      "thumb_img_name": "111",
      "thumb_img_path": "1111",
      "url": "1111",
      "created": "2015-11-12T04:49:50.000Z",
      "modified": "2015-11-12T04:49:50.000Z"
    },
    {
      "id": 94,
      "org_id": 2,
      "parent_id": 1,
      "label": "test",
      "desc": "test",
      "thumb_img_name": "Penguins.jpg",
      "thumb_img_path": "Penguins.jpg",
      "url": "test",
      "created": "2015-12-01T08:05:06.000Z",
      "modified": "2015-12-01T08:05:06.000Z"
    },
    {
      "id": 95,
      "org_id": 2,
      "parent_id": 2,
      "label": "ttt-111",
      "desc": "ttt",
      "thumb_img_name": "Desert.jpg",
      "thumb_img_path": null,
      "url": "ttt",
      "created": "2015-12-01T08:22:15.000Z",
      "modified": "2015-12-01T08:22:15.000Z"
    },
    {
      "id": 96,
      "org_id": 2,
      "parent_id": 1,
      "label": "group1-1-1",
      "desc": "group1-1-1",
      "thumb_img_name": "Chrysanthemum.jpg",
      "thumb_img_path": null,
      "url": "group1-1-1",
      "created": "2015-12-01T08:24:58.000Z",
      "modified": "2015-12-01T08:24:58.000Z"
    },
    {
      "id": 97,
      "org_id": 2,
      "parent_id": 1,
      "label": "Group1-1-2",
      "desc": "Group1-1-2",
      "thumb_img_name": "Desert.jpg",
      "thumb_img_path": null,
      "url": "Group1-1-2",
      "created": "2015-12-01T09:28:57.000Z",
      "modified": "2015-12-01T09:28:57.000Z"
    },
    {
      "id": 98,
      "org_id": 2,
      "parent_id": 1,
      "label": "teste1-1-1-1-",
      "desc": "tsetse1-1-11",
      "thumb_img_name": "",
      "thumb_img_path": "",
      "url": "tsetset-1-1-1-",
      "created": "2015-12-01T09:39:56.000Z",
      "modified": "2015-12-01T09:39:56.000Z"
    },
    {
      "id": 99,
      "org_id": 2,
      "parent_id": null,
      "label": "tsetset",
      "desc": "setsetset",
      "thumb_img_name": "Hydrangeas.jpg",
      "thumb_img_path": null,
      "url": "tsetsetsts",
      "created": "2015-12-01T09:40:08.000Z",
      "modified": "2015-12-01T09:40:08.000Z"
    },
    {
      "id": 100,
      "org_id": 2,
      "parent_id": 95,
      "label": "ttt1-1-1",
      "desc": "ttt1-1-1",
      "thumb_img_name": "Penguins.jpg",
      "thumb_img_path": null,
      "url": "ttt1-1-1",
      "created": "2015-12-02T00:20:09.000Z",
      "modified": "2015-12-02T00:20:09.000Z"
    },
    {
      "id": 101,
      "org_id": 2,
      "parent_id": null,
      "label": "testsetst",
      "desc": "tesetset",
      "thumb_img_name": "Jellyfish.jpg",
      "thumb_img_path": null,
      "url": "testset",
      "created": "2015-12-02T00:39:55.000Z",
      "modified": "2015-12-02T00:39:55.000Z"
    },
    {
      "id": 102,
      "org_id": 2,
      "parent_id": 1,
      "label": "tsgasdfs",
      "desc": "asdfasdf",
      "thumb_img_name": "Koala.jpg",
      "thumb_img_path": null,
      "url": "asdfasdfasf",
      "created": "2015-12-02T00:43:16.000Z",
      "modified": "2015-12-02T00:43:16.000Z"
    }
  ]
}
